-- ============================================================
-- LevelUp Study — 開発用シードデータ
--
-- 使い方:
--   make seed   (backend/ ディレクトリで実行)
--   または直接: docker exec -i levelup-study-db psql -U postgres -d levelup_study < db/seed.sql
--
-- 前提: テーブルは GORM AutoMigrate で作成済み
-- ============================================================

BEGIN;

-- ────────────────────────────────────────────────
-- 0. 既存データをクリア（開発用のみ）
-- ────────────────────────────────────────────────
TRUNCATE
  gacha_histories,
  m_gacha_banner_featured,
  user_dungeon_progresses,
  user_party_slots,
  user_weapons,
  user_characters,
  study_rewards,
  study_sessions,
  m_gacha_banners,
  m_dungeon_stage_enemies,
  m_dungeon_stages,
  m_monsters,
  m_dungeons,
  m_weapons,
  m_characters,
  m_study_genres,
  users
CASCADE;

-- ────────────────────────────────────────────────
-- 1. テストユーザー
-- ────────────────────────────────────────────────
INSERT INTO users (id, display_name, total_study_seconds, stones, gold, created_at, updated_at) VALUES
  ('00000000-0000-0000-0000-000000000001', '勇者タクト', 45000, 1000, 5000, NOW(), NOW()),
  ('00000000-0000-0000-0000-000000000002', '見習い魔法使い', 12000, 300, 1500, NOW(), NOW());

-- ────────────────────────────────────────────────
-- 1.5 勉強ジャンルマスタ（6ジャンル）
--     UUID prefix: 60000000-0000-0000-0000-0000000000xx
-- ────────────────────────────────────────────────
INSERT INTO m_study_genres (id, slug, label, emoji, color_hex, sort_order, is_default, is_active) VALUES
  ('60000000-0000-0000-0000-000000000001', 'math',        '数学',             '🔢', '#3B82F6', 1, true, true),
  ('60000000-0000-0000-0000-000000000002', 'science',     '理科',             '🔬', '#10B981', 2, true, true),
  ('60000000-0000-0000-0000-000000000003', 'language',    '語学',             '📝', '#F59E0B', 3, true, true),
  ('60000000-0000-0000-0000-000000000004', 'programming', 'プログラミング',   '💻', '#8B5CF6', 4, true, true),
  ('60000000-0000-0000-0000-000000000005', 'general',     '総合',             '📚', '#EF4444', 5, true, true),
  ('60000000-0000-0000-0000-000000000006', 'creative',    'クリエイティブ',   '🎨', '#EC4899', 6, true, true);

-- ────────────────────────────────────────────────
-- 2. キャラクターマスタ（30体）
--    UUID prefix: a0000000-0000-0000-0000-0000000000xx
-- ────────────────────────────────────────────────

-- ★5（5体）
INSERT INTO m_characters (id, name, rarity, base_hp, base_atk, base_def, image_url, is_active, created_at) VALUES
  ('a0000000-0000-0000-0000-000000000001', '光の勇者アリア',       5, 1500, 420, 300, 'https://placehold.co/200x200/FFD700/000?text=Aria',     true, NOW()),
  ('a0000000-0000-0000-0000-000000000002', '闇の魔王ゼファー',     5, 1800, 480, 250, 'https://placehold.co/200x200/4B0082/FFF?text=Zephyr',   true, NOW()),
  ('a0000000-0000-0000-0000-000000000003', '聖女セラフィーナ',     5, 1200, 200, 380, 'https://placehold.co/200x200/FFB6C1/000?text=Seraphina', true, NOW()),
  ('a0000000-0000-0000-0000-000000000004', '竜騎士ドラク',         5, 2000, 400, 350, 'https://placehold.co/200x200/DC143C/FFF?text=Draco',     true, NOW()),
  ('a0000000-0000-0000-0000-000000000005', '叡智の大賢者マーリン', 5, 1100, 500, 200, 'https://placehold.co/200x200/8B5CF6/FFF?text=Merlin',   true, NOW());

-- ★4（10体）
INSERT INTO m_characters (id, name, rarity, base_hp, base_atk, base_def, image_url, is_active, created_at) VALUES
  ('a0000000-0000-0000-0000-000000000006', '炎の魔術師レイ',         4, 850,  350, 180, 'https://placehold.co/200x200/EF4444/FFF?text=Ray',    true, NOW()),
  ('a0000000-0000-0000-0000-000000000007', '氷の弓使いリナ',         4, 750,  380, 160, 'https://placehold.co/200x200/3B82F6/FFF?text=Rina',   true, NOW()),
  ('a0000000-0000-0000-0000-000000000008', '風の剣士カイト',         4, 900,  320, 220, 'https://placehold.co/200x200/10B981/FFF?text=Kite',   true, NOW()),
  ('a0000000-0000-0000-0000-000000000009', '雷撃のソラ',             4, 800,  400, 150, 'https://placehold.co/200x200/F59E0B/000?text=Sora',   true, NOW()),
  ('a0000000-0000-0000-0000-00000000000a', '鉄壁のガルド',           4, 1400, 180, 400, 'https://placehold.co/200x200/6B7280/FFF?text=Guard',  true, NOW()),
  ('a0000000-0000-0000-0000-00000000000b', '忍者カゲ',               4, 650,  420, 130, 'https://placehold.co/200x200/1F2937/FFF?text=Kage',   true, NOW()),
  ('a0000000-0000-0000-0000-00000000000c', '踊り子ルナ',             4, 700,  250, 280, 'https://placehold.co/200x200/EC4899/FFF?text=Luna',   true, NOW()),
  ('a0000000-0000-0000-0000-00000000000d', '錬金術師アルケム',       4, 780,  300, 250, 'https://placehold.co/200x200/A78BFA/FFF?text=Alchem', true, NOW()),
  ('a0000000-0000-0000-0000-00000000000e', '海賊キャプテン・リーフ', 4, 1000, 340, 200, 'https://placehold.co/200x200/0EA5E9/FFF?text=Reef',  true, NOW()),
  ('a0000000-0000-0000-0000-00000000000f', '占い師ステラ',           4, 680,  360, 190, 'https://placehold.co/200x200/D946EF/FFF?text=Stella', true, NOW());

-- ★3（15体）
INSERT INTO m_characters (id, name, rarity, base_hp, base_atk, base_def, image_url, is_active, created_at) VALUES
  ('a0000000-0000-0000-0000-000000000010', '見習い戦士タロウ',     3, 600, 200, 180, 'https://placehold.co/200x200/9CA3AF/000?text=Taro',    true, NOW()),
  ('a0000000-0000-0000-0000-000000000011', '森の精霊コダマ',       3, 500, 180, 220, 'https://placehold.co/200x200/22C55E/FFF?text=Kodama',  true, NOW()),
  ('a0000000-0000-0000-0000-000000000012', '街の商人マルコ',       3, 550, 150, 200, 'https://placehold.co/200x200/F97316/FFF?text=Marco',   true, NOW()),
  ('a0000000-0000-0000-0000-000000000013', '旅の吟遊詩人バード',   3, 480, 220, 160, 'https://placehold.co/200x200/8B5CF6/FFF?text=Bard',    true, NOW()),
  ('a0000000-0000-0000-0000-000000000014', '村の鍛冶師ヴォルク',   3, 700, 190, 250, 'https://placehold.co/200x200/78716C/FFF?text=Volk',    true, NOW()),
  ('a0000000-0000-0000-0000-000000000015', '見習い僧侶ヒカリ',     3, 520, 130, 280, 'https://placehold.co/200x200/FBBF24/000?text=Hikari',  true, NOW()),
  ('a0000000-0000-0000-0000-000000000016', '野良猫シャム',         3, 400, 260, 120, 'https://placehold.co/200x200/FB923C/FFF?text=Sham',    true, NOW()),
  ('a0000000-0000-0000-0000-000000000017', '農夫ダイチ',           3, 650, 170, 230, 'https://placehold.co/200x200/84CC16/FFF?text=Daichi',  true, NOW()),
  ('a0000000-0000-0000-0000-000000000018', '釣り人ウミ',           3, 530, 200, 190, 'https://placehold.co/200x200/06B6D4/FFF?text=Umi',     true, NOW()),
  ('a0000000-0000-0000-0000-000000000019', '見習い魔女ノワール',   3, 450, 250, 140, 'https://placehold.co/200x200/7C3AED/FFF?text=Noir',    true, NOW()),
  ('a0000000-0000-0000-0000-00000000001a', '門番ゲート',           3, 800, 140, 300, 'https://placehold.co/200x200/475569/FFF?text=Gate',    true, NOW()),
  ('a0000000-0000-0000-0000-00000000001b', '料理人シェフ',         3, 500, 180, 200, 'https://placehold.co/200x200/E11D48/FFF?text=Chef',    true, NOW()),
  ('a0000000-0000-0000-0000-00000000001c', '図書館員ページ',       3, 420, 230, 170, 'https://placehold.co/200x200/6366F1/FFF?text=Page',    true, NOW()),
  ('a0000000-0000-0000-0000-00000000001d', '配達人ポスト',         3, 550, 210, 180, 'https://placehold.co/200x200/14B8A6/FFF?text=Post',    true, NOW()),
  ('a0000000-0000-0000-0000-00000000001e', '大工カーペン',         3, 680, 190, 240, 'https://placehold.co/200x200/B45309/FFF?text=Carpen',  true, NOW());

-- ────────────────────────────────────────────────
-- 3. 武器マスタ（15本）
--    UUID prefix: b0000000-0000-0000-0000-0000000000xx
-- ────────────────────────────────────────────────

-- ★5（3本）
INSERT INTO m_weapons (id, name, rarity, base_atk, image_url, is_active, created_at) VALUES
  ('b0000000-0000-0000-0000-000000000001', '聖剣エクスカリバー',  5, 150, 'https://placehold.co/200x200/FFD700/000?text=Excalibur',   true, NOW()),
  ('b0000000-0000-0000-0000-000000000002', '闇の大鎌デスサイズ',  5, 165, 'https://placehold.co/200x200/4B0082/FFF?text=Deathscythe', true, NOW()),
  ('b0000000-0000-0000-0000-000000000003', '癒しの聖杖',          5, 80,  'https://placehold.co/200x200/FFB6C1/000?text=HolyStaff',  true, NOW());

-- ★4（5本）
INSERT INTO m_weapons (id, name, rarity, base_atk, image_url, is_active, created_at) VALUES
  ('b0000000-0000-0000-0000-000000000004', '炎の杖ヘルフレイム',   4, 95,  'https://placehold.co/200x200/EF4444/FFF?text=HellFlame',   true, NOW()),
  ('b0000000-0000-0000-0000-000000000005', '氷の弓フロストアロー', 4, 100, 'https://placehold.co/200x200/3B82F6/FFF?text=FrostArrow',  true, NOW()),
  ('b0000000-0000-0000-0000-000000000006', '雷槍サンダーランス',   4, 110, 'https://placehold.co/200x200/F59E0B/000?text=ThunderLance', true, NOW()),
  ('b0000000-0000-0000-0000-000000000007', '叡智の杖',             4, 85,  'https://placehold.co/200x200/8B5CF6/FFF?text=WisdomStaff', true, NOW()),
  ('b0000000-0000-0000-0000-000000000008', '風切りの双剣',         4, 105, 'https://placehold.co/200x200/10B981/FFF?text=WindBlade',   true, NOW());

-- ★3（7本）
INSERT INTO m_weapons (id, name, rarity, base_atk, image_url, is_active, created_at) VALUES
  ('b0000000-0000-0000-0000-000000000009', '鉄の剣',     3, 55, 'https://placehold.co/200x200/9CA3AF/000?text=IronSword',      true, NOW()),
  ('b0000000-0000-0000-0000-00000000000a', '木の杖',     3, 40, 'https://placehold.co/200x200/84CC16/FFF?text=WoodStaff',      true, NOW()),
  ('b0000000-0000-0000-0000-00000000000b', '革の盾',     3, 30, 'https://placehold.co/200x200/78716C/FFF?text=LeatherShield',  true, NOW()),
  ('b0000000-0000-0000-0000-00000000000c', '石の弓',     3, 50, 'https://placehold.co/200x200/6B7280/FFF?text=StoneBow',       true, NOW()),
  ('b0000000-0000-0000-0000-00000000000d', '銅のナイフ', 3, 45, 'https://placehold.co/200x200/B45309/FFF?text=CopperKnife',    true, NOW()),
  ('b0000000-0000-0000-0000-00000000000e', '見習いの杖', 3, 35, 'https://placehold.co/200x200/7C3AED/FFF?text=AppStaff',       true, NOW()),
  ('b0000000-0000-0000-0000-00000000000f', '旅人の短剣', 3, 48, 'https://placehold.co/200x200/14B8A6/FFF?text=TravelerDagger', true, NOW());

-- ────────────────────────────────────────────────
-- 3.9 敵マスタ（ダンジョン敵・正規化）
--     UUID prefix: 7e000000-0000-0000-0000-0000000000xx
--     image_url は将来 CDN 用。開発中は空（クライアントは slug でバンドル画像にフォールバック）
-- ────────────────────────────────────────────────
INSERT INTO m_monsters (id, slug, name, emoji, hp, atk, def, image_url, is_active, created_at) VALUES
  ('7e000000-0000-0000-0000-000000000001', 'forest_slime', 'スライム', '🟢', 30, 8, 0, '', true, NOW()),
  ('7e000000-0000-0000-0000-000000000002', 'goblin', 'ゴブリン', '👺', 50, 12, 0, '', true, NOW()),
  ('7e000000-0000-0000-0000-000000000003', 'bat', 'コウモリ', '🦇', 40, 15, 0, '', true, NOW()),
  ('7e000000-0000-0000-0000-000000000004', 'werewolf', 'オオカミ', '🐺', 70, 18, 0, '', true, NOW()),
  ('7e000000-0000-0000-0000-000000000005', 'treant', '森のトレント', '🌳', 120, 25, 0, '', true, NOW()),
  ('7e000000-0000-0000-0000-000000000006', 'crystal_slime', 'クリスタルスライム', '💎', 60, 15, 0, '', true, NOW()),
  ('7e000000-0000-0000-0000-000000000007', 'cave_bat', '洞窟コウモリ', '🦇', 50, 12, 0, '', true, NOW()),
  ('7e000000-0000-0000-0000-000000000008', 'golem', 'ストーンゴーレム', '🗿', 100, 20, 0, '', true, NOW()),
  ('7e000000-0000-0000-0000-000000000009', 'dark_miner', 'ダークマイナー', '⛏️', 80, 25, 0, '', true, NOW()),
  ('7e000000-0000-0000-0000-00000000000a', 'dragon', 'クリスタルドラゴン', '🐉', 150, 30, 0, '', true, NOW()),
  ('7e000000-0000-0000-0000-00000000000b', 'stone_sentinel', '水晶の番人', '🔮', 200, 35, 0, '', true, NOW()),
  ('7e000000-0000-0000-0000-00000000000c', 'fire_slime', 'ファイアスライム', '🔥', 80, 22, 0, '', true, NOW()),
  ('7e000000-0000-0000-0000-00000000000d', 'lizardman', 'サラマンダー', '🦎', 90, 25, 0, '', true, NOW()),
  ('7e000000-0000-0000-0000-00000000000e', 'lava_golem', '溶岩ゴーレム', '🌋', 150, 30, 0, '', true, NOW()),
  ('7e000000-0000-0000-0000-00000000000f', 'dark_knight', 'フレイムナイト', '🔥', 180, 35, 0, '', true, NOW()),
  ('7e000000-0000-0000-0000-000000000010', 'cerberus', 'ヘルハウンド', '🐕', 200, 40, 0, '', true, NOW()),
  ('7e000000-0000-0000-0000-000000000011', 'crimson_demon', '炎獄の守護者イフリート', '😈', 350, 50, 0, '', true, NOW()),
  ('7e000000-0000-0000-0000-000000000012', 'rust_monster', 'バグスライム', '🐛', 50, 18, 0, '', true, NOW()),
  ('7e000000-0000-0000-0000-000000000013', 'specter', 'エラーゴースト', '👻', 90, 25, 0, '', true, NOW()),
  ('7e000000-0000-0000-0000-000000000014', 'mimic', 'スタックオーバーフロー', '💥', 160, 35, 0, '', true, NOW()),
  ('7e000000-0000-0000-0000-000000000015', 'nightmare', '無限ループの悪魔', '♾️', 250, 45, 0, '', true, NOW()),
  ('7e000000-0000-0000-0000-000000000016', 'corrupted_paladin', '天使のガーディアン', '👼', 200, 35, 0, '', true, NOW()),
  ('7e000000-0000-0000-0000-000000000017', 'wisp', '雲のエレメンタル', '☁️', 120, 28, 0, '', true, NOW()),
  ('7e000000-0000-0000-0000-000000000018', 'phoenix', '嵐の鳥フェニックス', '🦅', 300, 45, 0, '', true, NOW()),
  ('7e000000-0000-0000-0000-000000000019', 'thunderbird', '天空の審判者', '⚡', 500, 60, 0, '', true, NOW()),
  ('7e000000-0000-0000-0000-00000000001a', 'forgotten_tome', '忘却の書物', '📕', 250, 40, 0, '', true, NOW()),
  ('7e000000-0000-0000-0000-00000000001b', 'ink_wraith', 'インクモンスター', '🖋️', 180, 35, 0, '', true, NOW()),
  ('7e000000-0000-0000-0000-00000000001c', 'lich', '古代の司書', '🧙', 400, 55, 0, '', true, NOW()),
  ('7e000000-0000-0000-0000-00000000001d', 'gargoyle', '禁書のガーゴイル', '🗿', 300, 45, 0, '', true, NOW()),
  ('7e000000-0000-0000-0000-00000000001e', 'abyssal_serpent', '叡智の魔神アザトース', '👁️', 800, 80, 0, '', true, NOW());

-- ────────────────────────────────────────────────
-- 4. ダンジョンマスタ（6種）
--    UUID prefix: d0000000-0000-0000-0000-0000000000xx
--    image_url は将来 CDN 用。空ならクライアントは同梱 bg_dungeon_* を使用
-- ────────────────────────────────────────────────
INSERT INTO m_dungeons (id, name, sort_order, unlock_condition, image_url, is_active, created_at) VALUES
  ('d0000000-0000-0000-0000-000000000001', 'はじまりの森',   1, NULL,                                           '',         true, NOW()),
  ('d0000000-0000-0000-0000-000000000002', '水晶の洞窟',     2, NULL,                                           '',       true, NOW()),
  ('d0000000-0000-0000-0000-000000000003', '炎の塔',         3, NULL,                                           '',        true, NOW()),
  ('d0000000-0000-0000-0000-000000000004', 'コードの迷宮',   4, NULL,                                           '',         true, NOW()),
  ('d0000000-0000-0000-0000-000000000005', '天空の聖域',     5, '{"min_cleared_dungeons": 3}',                   '',          true, NOW()),
  ('d0000000-0000-0000-0000-000000000006', '深淵の図書館',   6, '{"min_cleared_dungeons": 5, "min_level": 20}',  '',        true, NOW());

-- ────────────────────────────────────────────────
-- 4.1 ダンジョンステージ
--     UUID prefix: e0000000-0000-0000-0000-0000000000xx
-- ────────────────────────────────────────────────

-- はじまりの森（5ステージ、推奨25分 → 5分/ステージ）
-- enemy_composition は後方互換用に空配列（正は m_dungeon_stage_enemies）
INSERT INTO m_dungeon_stages (id, dungeon_id, stage_number, recommended_power, enemy_composition, drop_table) VALUES
  ('e0000000-0000-0000-0000-000000000001', 'd0000000-0000-0000-0000-000000000001', 1, 100, '[]',
   '[{"item_type":"gold","amount":20,"rate":1.0},{"item_type":"xp","amount":10,"rate":1.0}]'),
  ('e0000000-0000-0000-0000-000000000002', 'd0000000-0000-0000-0000-000000000001', 2, 120, '[]',
   '[{"item_type":"gold","amount":30,"rate":1.0},{"item_type":"xp","amount":15,"rate":1.0}]'),
  ('e0000000-0000-0000-0000-000000000003', 'd0000000-0000-0000-0000-000000000001', 3, 150, '[]',
   '[{"item_type":"gold","amount":40,"rate":1.0},{"item_type":"xp","amount":20,"rate":1.0},{"item_type":"stones","amount":3,"rate":0.3}]'),
  ('e0000000-0000-0000-0000-000000000004', 'd0000000-0000-0000-0000-000000000001', 4, 180, '[]',
   '[{"item_type":"gold","amount":50,"rate":1.0},{"item_type":"xp","amount":25,"rate":1.0},{"item_type":"stones","amount":5,"rate":0.3}]'),
  ('e0000000-0000-0000-0000-000000000005', 'd0000000-0000-0000-0000-000000000001', 5, 220, '[]',
   '[{"item_type":"gold","amount":100,"rate":1.0},{"item_type":"xp","amount":50,"rate":1.0},{"item_type":"stones","amount":10,"rate":0.5}]');

-- 水晶の洞窟（5ステージ、推奨30分）
INSERT INTO m_dungeon_stages (id, dungeon_id, stage_number, recommended_power, enemy_composition, drop_table) VALUES
  ('e0000000-0000-0000-0000-000000000006', 'd0000000-0000-0000-0000-000000000002', 1, 200, '[]',
   '[{"item_type":"gold","amount":40,"rate":1.0},{"item_type":"xp","amount":20,"rate":1.0}]'),
  ('e0000000-0000-0000-0000-000000000007', 'd0000000-0000-0000-0000-000000000002', 2, 250, '[]',
   '[{"item_type":"gold","amount":60,"rate":1.0},{"item_type":"xp","amount":30,"rate":1.0}]'),
  ('e0000000-0000-0000-0000-000000000008', 'd0000000-0000-0000-0000-000000000002', 3, 300, '[]',
   '[{"item_type":"gold","amount":80,"rate":1.0},{"item_type":"xp","amount":40,"rate":1.0},{"item_type":"stones","amount":5,"rate":0.3}]'),
  ('e0000000-0000-0000-0000-000000000009', 'd0000000-0000-0000-0000-000000000002', 4, 350, '[]',
   '[{"item_type":"gold","amount":120,"rate":1.0},{"item_type":"xp","amount":60,"rate":1.0},{"item_type":"stones","amount":8,"rate":0.4}]'),
  ('e0000000-0000-0000-0000-00000000000a', 'd0000000-0000-0000-0000-000000000002', 5, 400, '[]',
   '[{"item_type":"gold","amount":200,"rate":1.0},{"item_type":"xp","amount":100,"rate":1.0},{"item_type":"stones","amount":15,"rate":0.5}]');

-- 炎の塔（5ステージ、推奨45分）
INSERT INTO m_dungeon_stages (id, dungeon_id, stage_number, recommended_power, enemy_composition, drop_table) VALUES
  ('e0000000-0000-0000-0000-00000000000b', 'd0000000-0000-0000-0000-000000000003', 1, 350, '[]',
   '[{"item_type":"gold","amount":60,"rate":1.0},{"item_type":"xp","amount":30,"rate":1.0}]'),
  ('e0000000-0000-0000-0000-00000000000c', 'd0000000-0000-0000-0000-000000000003', 2, 400, '[]',
   '[{"item_type":"gold","amount":90,"rate":1.0},{"item_type":"xp","amount":45,"rate":1.0}]'),
  ('e0000000-0000-0000-0000-00000000000d', 'd0000000-0000-0000-0000-000000000003', 3, 500, '[]',
   '[{"item_type":"gold","amount":120,"rate":1.0},{"item_type":"xp","amount":60,"rate":1.0},{"item_type":"stones","amount":8,"rate":0.3}]'),
  ('e0000000-0000-0000-0000-00000000000e', 'd0000000-0000-0000-0000-000000000003', 4, 600, '[]',
   '[{"item_type":"gold","amount":150,"rate":1.0},{"item_type":"xp","amount":80,"rate":1.0},{"item_type":"stones","amount":10,"rate":0.4}]'),
  ('e0000000-0000-0000-0000-00000000000f', 'd0000000-0000-0000-0000-000000000003', 5, 700, '[]',
   '[{"item_type":"gold","amount":350,"rate":1.0},{"item_type":"xp","amount":150,"rate":1.0},{"item_type":"stones","amount":20,"rate":0.6}]');

-- コードの迷宮（4ステージ、推奨30分）
INSERT INTO m_dungeon_stages (id, dungeon_id, stage_number, recommended_power, enemy_composition, drop_table) VALUES
  ('e0000000-0000-0000-0000-000000000010', 'd0000000-0000-0000-0000-000000000004', 1, 250, '[]',
   '[{"item_type":"gold","amount":50,"rate":1.0},{"item_type":"xp","amount":25,"rate":1.0}]'),
  ('e0000000-0000-0000-0000-000000000011', 'd0000000-0000-0000-0000-000000000004', 2, 350, '[]',
   '[{"item_type":"gold","amount":80,"rate":1.0},{"item_type":"xp","amount":40,"rate":1.0}]'),
  ('e0000000-0000-0000-0000-000000000012', 'd0000000-0000-0000-0000-000000000004', 3, 450, '[]',
   '[{"item_type":"gold","amount":120,"rate":1.0},{"item_type":"xp","amount":60,"rate":1.0},{"item_type":"stones","amount":10,"rate":0.4}]'),
  ('e0000000-0000-0000-0000-000000000013', 'd0000000-0000-0000-0000-000000000004', 4, 550, '[]',
   '[{"item_type":"gold","amount":250,"rate":1.0},{"item_type":"xp","amount":120,"rate":1.0},{"item_type":"stones","amount":15,"rate":0.5}]');

-- 天空の聖域（3ステージ、推奨60分）
INSERT INTO m_dungeon_stages (id, dungeon_id, stage_number, recommended_power, enemy_composition, drop_table) VALUES
  ('e0000000-0000-0000-0000-000000000014', 'd0000000-0000-0000-0000-000000000005', 1, 500, '[]',
   '[{"item_type":"gold","amount":150,"rate":1.0},{"item_type":"xp","amount":80,"rate":1.0}]'),
  ('e0000000-0000-0000-0000-000000000015', 'd0000000-0000-0000-0000-000000000005', 2, 700, '[]',
   '[{"item_type":"gold","amount":300,"rate":1.0},{"item_type":"xp","amount":150,"rate":1.0},{"item_type":"stones","amount":15,"rate":0.5}]'),
  ('e0000000-0000-0000-0000-000000000016', 'd0000000-0000-0000-0000-000000000005', 3, 900, '[]',
   '[{"item_type":"gold","amount":500,"rate":1.0},{"item_type":"xp","amount":300,"rate":1.0},{"item_type":"stones","amount":30,"rate":0.7}]');

-- 深淵の図書館（3ステージ、推奨120分）
INSERT INTO m_dungeon_stages (id, dungeon_id, stage_number, recommended_power, enemy_composition, drop_table) VALUES
  ('e0000000-0000-0000-0000-000000000017', 'd0000000-0000-0000-0000-000000000006', 1, 800, '[]',
   '[{"item_type":"gold","amount":200,"rate":1.0},{"item_type":"xp","amount":100,"rate":1.0}]'),
  ('e0000000-0000-0000-0000-000000000018', 'd0000000-0000-0000-0000-000000000006', 2, 1200, '[]',
   '[{"item_type":"gold","amount":500,"rate":1.0},{"item_type":"xp","amount":250,"rate":1.0},{"item_type":"stones","amount":25,"rate":0.5}]'),
  ('e0000000-0000-0000-0000-000000000019', 'd0000000-0000-0000-0000-000000000006', 3, 1500, '[]',
   '[{"item_type":"gold","amount":1000,"rate":1.0},{"item_type":"xp","amount":500,"rate":1.0},{"item_type":"stones","amount":50,"rate":0.8}]');

-- 4.2 ステージ×敵（UUID prefix: 7a000000-0000-0000-0000-0000000000xx）
INSERT INTO m_dungeon_stage_enemies (id, stage_id, monster_id, sort_order, count) VALUES
  ('7a000000-0000-0000-0000-000000000001', 'e0000000-0000-0000-0000-000000000001', '7e000000-0000-0000-0000-000000000001', 0, 1),
  ('7a000000-0000-0000-0000-000000000002', 'e0000000-0000-0000-0000-000000000001', '7e000000-0000-0000-0000-000000000001', 1, 1),
  ('7a000000-0000-0000-0000-000000000003', 'e0000000-0000-0000-0000-000000000002', '7e000000-0000-0000-0000-000000000002', 0, 1),
  ('7a000000-0000-0000-0000-000000000004', 'e0000000-0000-0000-0000-000000000002', '7e000000-0000-0000-0000-000000000001', 1, 1),
  ('7a000000-0000-0000-0000-000000000005', 'e0000000-0000-0000-0000-000000000003', '7e000000-0000-0000-0000-000000000003', 0, 1),
  ('7a000000-0000-0000-0000-000000000006', 'e0000000-0000-0000-0000-000000000003', '7e000000-0000-0000-0000-000000000002', 1, 1),
  ('7a000000-0000-0000-0000-000000000007', 'e0000000-0000-0000-0000-000000000004', '7e000000-0000-0000-0000-000000000004', 0, 1),
  ('7a000000-0000-0000-0000-000000000008', 'e0000000-0000-0000-0000-000000000004', '7e000000-0000-0000-0000-000000000003', 1, 1),
  ('7a000000-0000-0000-0000-000000000009', 'e0000000-0000-0000-0000-000000000005', '7e000000-0000-0000-0000-000000000005', 0, 1),
  ('7a000000-0000-0000-0000-00000000000a', 'e0000000-0000-0000-0000-000000000006', '7e000000-0000-0000-0000-000000000006', 0, 1),
  ('7a000000-0000-0000-0000-00000000000b', 'e0000000-0000-0000-0000-000000000006', '7e000000-0000-0000-0000-000000000007', 1, 1),
  ('7a000000-0000-0000-0000-00000000000c', 'e0000000-0000-0000-0000-000000000007', '7e000000-0000-0000-0000-000000000008', 0, 1),
  ('7a000000-0000-0000-0000-00000000000d', 'e0000000-0000-0000-0000-000000000007', '7e000000-0000-0000-0000-000000000006', 1, 1),
  ('7a000000-0000-0000-0000-00000000000e', 'e0000000-0000-0000-0000-000000000008', '7e000000-0000-0000-0000-000000000009', 0, 1),
  ('7a000000-0000-0000-0000-00000000000f', 'e0000000-0000-0000-0000-000000000008', '7e000000-0000-0000-0000-000000000008', 1, 1),
  ('7a000000-0000-0000-0000-000000000010', 'e0000000-0000-0000-0000-000000000009', '7e000000-0000-0000-0000-00000000000a', 0, 1),
  ('7a000000-0000-0000-0000-000000000011', 'e0000000-0000-0000-0000-00000000000a', '7e000000-0000-0000-0000-00000000000b', 0, 1),
  ('7a000000-0000-0000-0000-000000000012', 'e0000000-0000-0000-0000-00000000000b', '7e000000-0000-0000-0000-00000000000c', 0, 1),
  ('7a000000-0000-0000-0000-000000000013', 'e0000000-0000-0000-0000-00000000000b', '7e000000-0000-0000-0000-00000000000d', 1, 1),
  ('7a000000-0000-0000-0000-000000000014', 'e0000000-0000-0000-0000-00000000000c', '7e000000-0000-0000-0000-00000000000e', 0, 1),
  ('7a000000-0000-0000-0000-000000000015', 'e0000000-0000-0000-0000-00000000000c', '7e000000-0000-0000-0000-00000000000c', 1, 1),
  ('7a000000-0000-0000-0000-000000000016', 'e0000000-0000-0000-0000-00000000000d', '7e000000-0000-0000-0000-00000000000f', 0, 1),
  ('7a000000-0000-0000-0000-000000000017', 'e0000000-0000-0000-0000-00000000000d', '7e000000-0000-0000-0000-00000000000e', 1, 1),
  ('7a000000-0000-0000-0000-000000000018', 'e0000000-0000-0000-0000-00000000000e', '7e000000-0000-0000-0000-000000000010', 0, 1),
  ('7a000000-0000-0000-0000-000000000019', 'e0000000-0000-0000-0000-00000000000f', '7e000000-0000-0000-0000-000000000011', 0, 1),
  ('7a000000-0000-0000-0000-00000000001a', 'e0000000-0000-0000-0000-000000000010', '7e000000-0000-0000-0000-000000000012', 0, 1),
  ('7a000000-0000-0000-0000-00000000001b', 'e0000000-0000-0000-0000-000000000010', '7e000000-0000-0000-0000-000000000012', 1, 1),
  ('7a000000-0000-0000-0000-00000000001c', 'e0000000-0000-0000-0000-000000000011', '7e000000-0000-0000-0000-000000000013', 0, 1),
  ('7a000000-0000-0000-0000-00000000001d', 'e0000000-0000-0000-0000-000000000011', '7e000000-0000-0000-0000-000000000012', 1, 1),
  ('7a000000-0000-0000-0000-00000000001e', 'e0000000-0000-0000-0000-000000000012', '7e000000-0000-0000-0000-000000000014', 0, 1),
  ('7a000000-0000-0000-0000-00000000001f', 'e0000000-0000-0000-0000-000000000013', '7e000000-0000-0000-0000-000000000015', 0, 1),
  ('7a000000-0000-0000-0000-000000000020', 'e0000000-0000-0000-0000-000000000014', '7e000000-0000-0000-0000-000000000016', 0, 1),
  ('7a000000-0000-0000-0000-000000000021', 'e0000000-0000-0000-0000-000000000014', '7e000000-0000-0000-0000-000000000017', 1, 1),
  ('7a000000-0000-0000-0000-000000000022', 'e0000000-0000-0000-0000-000000000015', '7e000000-0000-0000-0000-000000000018', 0, 1),
  ('7a000000-0000-0000-0000-000000000023', 'e0000000-0000-0000-0000-000000000016', '7e000000-0000-0000-0000-000000000019', 0, 1),
  ('7a000000-0000-0000-0000-000000000024', 'e0000000-0000-0000-0000-000000000017', '7e000000-0000-0000-0000-00000000001a', 0, 1),
  ('7a000000-0000-0000-0000-000000000025', 'e0000000-0000-0000-0000-000000000017', '7e000000-0000-0000-0000-00000000001b', 1, 1),
  ('7a000000-0000-0000-0000-000000000026', 'e0000000-0000-0000-0000-000000000018', '7e000000-0000-0000-0000-00000000001c', 0, 1),
  ('7a000000-0000-0000-0000-000000000027', 'e0000000-0000-0000-0000-000000000018', '7e000000-0000-0000-0000-00000000001d', 1, 1),
  ('7a000000-0000-0000-0000-000000000028', 'e0000000-0000-0000-0000-000000000019', '7e000000-0000-0000-0000-00000000001e', 0, 1);

-- ────────────────────────────────────────────────
-- 5. ガチャバナー（3種）
--    UUID prefix: f0000000-0000-0000-0000-0000000000xx
-- ────────────────────────────────────────────────
INSERT INTO m_gacha_banners (id, name, banner_type, start_at, end_at, pity_threshold, rate_table, is_active) VALUES
  ('f0000000-0000-0000-0000-000000000001', '光の勇者ピックアップ', 'character',
   '2026-01-01 00:00:00+00', '2027-12-31 23:59:59+00', 90,
   '[
     {"item_id":"a0000000-0000-0000-0000-000000000001","result_type":"character","rarity":5,"rate":0.015},
     {"item_id":"a0000000-0000-0000-0000-000000000002","result_type":"character","rarity":5,"rate":0.005},
     {"item_id":"a0000000-0000-0000-0000-000000000003","result_type":"character","rarity":5,"rate":0.005},
     {"item_id":"a0000000-0000-0000-0000-000000000004","result_type":"character","rarity":5,"rate":0.003},
     {"item_id":"a0000000-0000-0000-0000-000000000005","result_type":"character","rarity":5,"rate":0.002},
     {"item_id":"a0000000-0000-0000-0000-000000000006","result_type":"character","rarity":4,"rate":0.015},
     {"item_id":"a0000000-0000-0000-0000-000000000007","result_type":"character","rarity":4,"rate":0.015},
     {"item_id":"a0000000-0000-0000-0000-000000000008","result_type":"character","rarity":4,"rate":0.015},
     {"item_id":"a0000000-0000-0000-0000-000000000009","result_type":"character","rarity":4,"rate":0.015},
     {"item_id":"a0000000-0000-0000-0000-00000000000a","result_type":"character","rarity":4,"rate":0.015},
     {"item_id":"a0000000-0000-0000-0000-00000000000b","result_type":"character","rarity":4,"rate":0.015},
     {"item_id":"a0000000-0000-0000-0000-00000000000c","result_type":"character","rarity":4,"rate":0.015},
     {"item_id":"a0000000-0000-0000-0000-00000000000d","result_type":"character","rarity":4,"rate":0.015},
     {"item_id":"a0000000-0000-0000-0000-00000000000e","result_type":"character","rarity":4,"rate":0.015},
     {"item_id":"a0000000-0000-0000-0000-00000000000f","result_type":"character","rarity":4,"rate":0.015},
     {"item_id":"a0000000-0000-0000-0000-000000000010","result_type":"character","rarity":3,"rate":0.054},
     {"item_id":"a0000000-0000-0000-0000-000000000011","result_type":"character","rarity":3,"rate":0.054},
     {"item_id":"a0000000-0000-0000-0000-000000000012","result_type":"character","rarity":3,"rate":0.054},
     {"item_id":"a0000000-0000-0000-0000-000000000013","result_type":"character","rarity":3,"rate":0.054},
     {"item_id":"a0000000-0000-0000-0000-000000000014","result_type":"character","rarity":3,"rate":0.054},
     {"item_id":"a0000000-0000-0000-0000-000000000015","result_type":"character","rarity":3,"rate":0.054},
     {"item_id":"a0000000-0000-0000-0000-000000000016","result_type":"character","rarity":3,"rate":0.054},
     {"item_id":"a0000000-0000-0000-0000-000000000017","result_type":"character","rarity":3,"rate":0.054},
     {"item_id":"a0000000-0000-0000-0000-000000000018","result_type":"character","rarity":3,"rate":0.054},
     {"item_id":"a0000000-0000-0000-0000-000000000019","result_type":"character","rarity":3,"rate":0.054},
     {"item_id":"a0000000-0000-0000-0000-00000000001a","result_type":"character","rarity":3,"rate":0.054},
     {"item_id":"a0000000-0000-0000-0000-00000000001b","result_type":"character","rarity":3,"rate":0.054},
     {"item_id":"a0000000-0000-0000-0000-00000000001c","result_type":"character","rarity":3,"rate":0.054},
     {"item_id":"a0000000-0000-0000-0000-00000000001d","result_type":"character","rarity":3,"rate":0.054},
     {"item_id":"a0000000-0000-0000-0000-00000000001e","result_type":"character","rarity":3,"rate":0.054}
   ]'::jsonb, true),

  ('f0000000-0000-0000-0000-000000000002', '伝説の聖剣ガチャ', 'weapon',
   '2026-01-01 00:00:00+00', '2027-12-31 23:59:59+00', 80,
   '[
     {"item_id":"b0000000-0000-0000-0000-000000000001","result_type":"weapon","rarity":5,"rate":0.02},
     {"item_id":"b0000000-0000-0000-0000-000000000002","result_type":"weapon","rarity":5,"rate":0.005},
     {"item_id":"b0000000-0000-0000-0000-000000000003","result_type":"weapon","rarity":5,"rate":0.005},
     {"item_id":"b0000000-0000-0000-0000-000000000004","result_type":"weapon","rarity":4,"rate":0.03},
     {"item_id":"b0000000-0000-0000-0000-000000000005","result_type":"weapon","rarity":4,"rate":0.03},
     {"item_id":"b0000000-0000-0000-0000-000000000006","result_type":"weapon","rarity":4,"rate":0.03},
     {"item_id":"b0000000-0000-0000-0000-000000000007","result_type":"weapon","rarity":4,"rate":0.03},
     {"item_id":"b0000000-0000-0000-0000-000000000008","result_type":"weapon","rarity":4,"rate":0.03},
     {"item_id":"b0000000-0000-0000-0000-000000000009","result_type":"weapon","rarity":3,"rate":0.117},
     {"item_id":"b0000000-0000-0000-0000-00000000000a","result_type":"weapon","rarity":3,"rate":0.117},
     {"item_id":"b0000000-0000-0000-0000-00000000000b","result_type":"weapon","rarity":3,"rate":0.117},
     {"item_id":"b0000000-0000-0000-0000-00000000000c","result_type":"weapon","rarity":3,"rate":0.117},
     {"item_id":"b0000000-0000-0000-0000-00000000000d","result_type":"weapon","rarity":3,"rate":0.117},
     {"item_id":"b0000000-0000-0000-0000-00000000000e","result_type":"weapon","rarity":3,"rate":0.117},
     {"item_id":"b0000000-0000-0000-0000-00000000000f","result_type":"weapon","rarity":3,"rate":0.118}
   ]'::jsonb, true);

-- ピックアップ（バナー × マスタID）。Pull 時に rate_table の該当行へ (1+rate_up) を乗算する。
INSERT INTO m_gacha_banner_featured (id, banner_id, item_id, item_type, rate_up) VALUES
  ('f1000000-0000-0000-0000-000000000001', 'f0000000-0000-0000-0000-000000000001', 'a0000000-0000-0000-0000-000000000001', 'character', 0.5),
  ('f1000000-0000-0000-0000-000000000002', 'f0000000-0000-0000-0000-000000000002', 'b0000000-0000-0000-0000-000000000001', 'weapon', 0.3);

INSERT INTO m_gacha_banners (id, name, banner_type, start_at, end_at, pity_threshold, rate_table, is_active) VALUES
  ('f0000000-0000-0000-0000-000000000003', '新学期スペシャル召喚', 'mixed',
   '2026-01-01 00:00:00+00', '2027-12-31 23:59:59+00', NULL,
   '[
     {"item_id":"a0000000-0000-0000-0000-000000000001","result_type":"character","rarity":5,"rate":0.01},
     {"item_id":"a0000000-0000-0000-0000-000000000005","result_type":"character","rarity":5,"rate":0.01},
     {"item_id":"b0000000-0000-0000-0000-000000000001","result_type":"weapon","rarity":5,"rate":0.01},
     {"item_id":"a0000000-0000-0000-0000-000000000006","result_type":"character","rarity":4,"rate":0.025},
     {"item_id":"a0000000-0000-0000-0000-000000000007","result_type":"character","rarity":4,"rate":0.025},
     {"item_id":"a0000000-0000-0000-0000-000000000008","result_type":"character","rarity":4,"rate":0.025},
     {"item_id":"b0000000-0000-0000-0000-000000000004","result_type":"weapon","rarity":4,"rate":0.025},
     {"item_id":"b0000000-0000-0000-0000-000000000005","result_type":"weapon","rarity":4,"rate":0.025},
     {"item_id":"b0000000-0000-0000-0000-000000000006","result_type":"weapon","rarity":4,"rate":0.025},
     {"item_id":"a0000000-0000-0000-0000-000000000010","result_type":"character","rarity":3,"rate":0.05},
     {"item_id":"a0000000-0000-0000-0000-000000000011","result_type":"character","rarity":3,"rate":0.05},
     {"item_id":"a0000000-0000-0000-0000-000000000012","result_type":"character","rarity":3,"rate":0.05},
     {"item_id":"a0000000-0000-0000-0000-000000000013","result_type":"character","rarity":3,"rate":0.05},
     {"item_id":"a0000000-0000-0000-0000-000000000014","result_type":"character","rarity":3,"rate":0.05},
     {"item_id":"b0000000-0000-0000-0000-000000000009","result_type":"weapon","rarity":3,"rate":0.05},
     {"item_id":"b0000000-0000-0000-0000-00000000000a","result_type":"weapon","rarity":3,"rate":0.05},
     {"item_id":"b0000000-0000-0000-0000-00000000000b","result_type":"weapon","rarity":3,"rate":0.05},
     {"item_id":"b0000000-0000-0000-0000-00000000000c","result_type":"weapon","rarity":3,"rate":0.05},
     {"item_id":"b0000000-0000-0000-0000-00000000000d","result_type":"weapon","rarity":3,"rate":0.05},
     {"item_id":"b0000000-0000-0000-0000-00000000000e","result_type":"weapon","rarity":3,"rate":0.05},
     {"item_id":"b0000000-0000-0000-0000-00000000000f","result_type":"weapon","rarity":3,"rate":0.05}
   ]'::jsonb, true);

-- ────────────────────────────────────────────────
-- 6. テストユーザー1の所持キャラ（6体）
--    UUID prefix: ca000000-0000-0000-0000-0000000000xx
-- ────────────────────────────────────────────────
INSERT INTO user_characters (id, user_id, character_id, level, current_xp, equipped_weapon_id, obtained_at) VALUES
  ('ca000000-0000-0000-0000-000000000001', '00000000-0000-0000-0000-000000000001', 'a0000000-0000-0000-0000-000000000005', 15, 4200, NULL, '2026-01-15T00:00:00Z'),
  ('ca000000-0000-0000-0000-000000000002', '00000000-0000-0000-0000-000000000001', 'a0000000-0000-0000-0000-000000000008', 8,  1200, NULL, '2026-02-01T00:00:00Z'),
  ('ca000000-0000-0000-0000-000000000003', '00000000-0000-0000-0000-000000000001', 'a0000000-0000-0000-0000-000000000007', 10, 1800, NULL, '2026-02-10T00:00:00Z'),
  ('ca000000-0000-0000-0000-000000000004', '00000000-0000-0000-0000-000000000001', 'a0000000-0000-0000-0000-000000000003', 12, 3000, NULL, '2026-01-20T00:00:00Z'),
  ('ca000000-0000-0000-0000-000000000005', '00000000-0000-0000-0000-000000000001', 'a0000000-0000-0000-0000-00000000000b', 5,  600,  NULL, '2026-03-01T00:00:00Z'),
  ('ca000000-0000-0000-0000-000000000006', '00000000-0000-0000-0000-000000000001', 'a0000000-0000-0000-0000-000000000004', 3,  200,  NULL, '2026-03-20T00:00:00Z');

-- ────────────────────────────────────────────────
-- 7. テストユーザー1の所持武器（3本）
--    UUID prefix: cb000000-0000-0000-0000-0000000000xx
-- ────────────────────────────────────────────────
INSERT INTO user_weapons (id, user_id, weapon_id, level, obtained_at) VALUES
  ('cb000000-0000-0000-0000-000000000001', '00000000-0000-0000-0000-000000000001', 'b0000000-0000-0000-0000-000000000007', 5, '2026-01-15T00:00:00Z'),
  ('cb000000-0000-0000-0000-000000000002', '00000000-0000-0000-0000-000000000001', 'b0000000-0000-0000-0000-000000000009', 3, '2026-02-01T00:00:00Z'),
  ('cb000000-0000-0000-0000-000000000003', '00000000-0000-0000-0000-000000000001', 'b0000000-0000-0000-0000-000000000003', 7, '2026-01-20T00:00:00Z');

-- 武器の装備を反映
UPDATE user_characters SET equipped_weapon_id = 'cb000000-0000-0000-0000-000000000001' WHERE id = 'ca000000-0000-0000-0000-000000000001';
UPDATE user_characters SET equipped_weapon_id = 'cb000000-0000-0000-0000-000000000002' WHERE id = 'ca000000-0000-0000-0000-000000000002';
UPDATE user_characters SET equipped_weapon_id = 'cb000000-0000-0000-0000-000000000003' WHERE id = 'ca000000-0000-0000-0000-000000000004';

-- ────────────────────────────────────────────────
-- 8. テストユーザー1のパーティ編成（3スロット）
--    UUID prefix: cc000000-0000-0000-0000-0000000000xx
-- ────────────────────────────────────────────────
INSERT INTO user_party_slots (id, user_id, slot_position, user_character_id) VALUES
  ('cc000000-0000-0000-0000-000000000001', '00000000-0000-0000-0000-000000000001', 1, 'ca000000-0000-0000-0000-000000000001'),
  ('cc000000-0000-0000-0000-000000000002', '00000000-0000-0000-0000-000000000001', 2, 'ca000000-0000-0000-0000-000000000002'),
  ('cc000000-0000-0000-0000-000000000003', '00000000-0000-0000-0000-000000000001', 3, 'ca000000-0000-0000-0000-000000000004');

-- ────────────────────────────────────────────────
-- 9. テストユーザー1のダンジョン進行状況
--    UUID prefix: cd000000-0000-0000-0000-0000000000xx
-- ────────────────────────────────────────────────
INSERT INTO user_dungeon_progresses (id, user_id, dungeon_id, current_stage, max_cleared_stage, updated_at) VALUES
  ('cd000000-0000-0000-0000-000000000001', '00000000-0000-0000-0000-000000000001', 'd0000000-0000-0000-0000-000000000001', 4, 3, NOW()),
  ('cd000000-0000-0000-0000-000000000002', '00000000-0000-0000-0000-000000000001', 'd0000000-0000-0000-0000-000000000002', 2, 1, NOW());

-- ────────────────────────────────────────────────
-- 10. テストユーザー1の勉強セッション履歴（30日分）
--     UUID prefix: 55000000-0000-0000-0000-0000000000xx
--     category にジャンル slug を格納
-- ────────────────────────────────────────────────
INSERT INTO study_sessions (id, user_id, category, started_at, ended_at, duration_seconds, is_completed, created_at) VALUES
  -- 3/3 数学 25分 + 語学 30分
  ('55000000-0000-0000-0000-000000000001', '00000000-0000-0000-0000-000000000001', 'math',        '2026-03-03 08:00:00+09', '2026-03-03 08:25:00+09', 1500, true, '2026-03-03 08:25:00+09'),
  ('55000000-0000-0000-0000-000000000002', '00000000-0000-0000-0000-000000000001', 'language',    '2026-03-03 19:00:00+09', '2026-03-03 19:30:00+09', 1800, true, '2026-03-03 19:30:00+09'),
  -- 3/4 プログラミング 45分 + 総合 15分
  ('55000000-0000-0000-0000-000000000003', '00000000-0000-0000-0000-000000000001', 'programming', '2026-03-04 09:00:00+09', '2026-03-04 09:45:00+09', 2700, true, '2026-03-04 09:45:00+09'),
  ('55000000-0000-0000-0000-000000000004', '00000000-0000-0000-0000-000000000001', 'general',     '2026-03-04 20:00:00+09', '2026-03-04 20:15:00+09', 900,  true, '2026-03-04 20:15:00+09'),
  -- 3/5 理科 30分 + 数学 20分 + クリエイティブ 10分
  ('55000000-0000-0000-0000-000000000005', '00000000-0000-0000-0000-000000000001', 'science',     '2026-03-05 07:30:00+09', '2026-03-05 08:00:00+09', 1800, true, '2026-03-05 08:00:00+09'),
  ('55000000-0000-0000-0000-000000000006', '00000000-0000-0000-0000-000000000001', 'math',        '2026-03-05 18:00:00+09', '2026-03-05 18:20:00+09', 1200, true, '2026-03-05 18:20:00+09'),
  ('55000000-0000-0000-0000-000000000007', '00000000-0000-0000-0000-000000000001', 'creative',    '2026-03-05 21:00:00+09', '2026-03-05 21:10:00+09', 600,  true, '2026-03-05 21:10:00+09'),
  -- 3/6 語学 40分 + プログラミング 20分
  ('55000000-0000-0000-0000-000000000008', '00000000-0000-0000-0000-000000000001', 'language',    '2026-03-06 08:00:00+09', '2026-03-06 08:40:00+09', 2400, true, '2026-03-06 08:40:00+09'),
  ('55000000-0000-0000-0000-000000000009', '00000000-0000-0000-0000-000000000001', 'programming', '2026-03-06 20:00:00+09', '2026-03-06 20:20:00+09', 1200, true, '2026-03-06 20:20:00+09'),
  -- 3/7 数学 35分 + 理科 25分 + 総合 15分
  ('55000000-0000-0000-0000-00000000000a', '00000000-0000-0000-0000-000000000001', 'math',        '2026-03-07 07:00:00+09', '2026-03-07 07:35:00+09', 2100, true, '2026-03-07 07:35:00+09'),
  ('55000000-0000-0000-0000-00000000000b', '00000000-0000-0000-0000-000000000001', 'science',     '2026-03-07 14:00:00+09', '2026-03-07 14:25:00+09', 1500, true, '2026-03-07 14:25:00+09'),
  ('55000000-0000-0000-0000-00000000000c', '00000000-0000-0000-0000-000000000001', 'general',     '2026-03-07 21:00:00+09', '2026-03-07 21:15:00+09', 900,  true, '2026-03-07 21:15:00+09'),
  -- 3/8 プログラミング 50分 + クリエイティブ 20分
  ('55000000-0000-0000-0000-00000000000d', '00000000-0000-0000-0000-000000000001', 'programming', '2026-03-08 10:00:00+09', '2026-03-08 10:50:00+09', 3000, true, '2026-03-08 10:50:00+09'),
  ('55000000-0000-0000-0000-00000000000e', '00000000-0000-0000-0000-000000000001', 'creative',    '2026-03-08 19:00:00+09', '2026-03-08 19:20:00+09', 1200, true, '2026-03-08 19:20:00+09'),
  -- 3/9 総合 20分 + 語学 25分
  ('55000000-0000-0000-0000-00000000000f', '00000000-0000-0000-0000-000000000001', 'general',     '2026-03-09 08:00:00+09', '2026-03-09 08:20:00+09', 1200, true, '2026-03-09 08:20:00+09'),
  ('55000000-0000-0000-0000-000000000010', '00000000-0000-0000-0000-000000000001', 'language',    '2026-03-09 20:00:00+09', '2026-03-09 20:25:00+09', 1500, true, '2026-03-09 20:25:00+09'),
  -- 3/10 数学 30分 + 理科 35分 + プログラミング 25分
  ('55000000-0000-0000-0000-000000000011', '00000000-0000-0000-0000-000000000001', 'math',        '2026-03-10 07:30:00+09', '2026-03-10 08:00:00+09', 1800, true, '2026-03-10 08:00:00+09'),
  ('55000000-0000-0000-0000-000000000012', '00000000-0000-0000-0000-000000000001', 'science',     '2026-03-10 13:00:00+09', '2026-03-10 13:35:00+09', 2100, true, '2026-03-10 13:35:00+09'),
  ('55000000-0000-0000-0000-000000000013', '00000000-0000-0000-0000-000000000001', 'programming', '2026-03-10 20:00:00+09', '2026-03-10 20:25:00+09', 1500, true, '2026-03-10 20:25:00+09'),
  -- 3/11 語学 45分 + クリエイティブ 15分
  ('55000000-0000-0000-0000-000000000014', '00000000-0000-0000-0000-000000000001', 'language',    '2026-03-11 08:00:00+09', '2026-03-11 08:45:00+09', 2700, true, '2026-03-11 08:45:00+09'),
  ('55000000-0000-0000-0000-000000000015', '00000000-0000-0000-0000-000000000001', 'creative',    '2026-03-11 19:00:00+09', '2026-03-11 19:15:00+09', 900,  true, '2026-03-11 19:15:00+09'),
  -- 3/12 数学 40分 + 総合 25分 + 理科 20分
  ('55000000-0000-0000-0000-000000000016', '00000000-0000-0000-0000-000000000001', 'math',        '2026-03-12 07:00:00+09', '2026-03-12 07:40:00+09', 2400, true, '2026-03-12 07:40:00+09'),
  ('55000000-0000-0000-0000-000000000017', '00000000-0000-0000-0000-000000000001', 'general',     '2026-03-12 14:00:00+09', '2026-03-12 14:25:00+09', 1500, true, '2026-03-12 14:25:00+09'),
  ('55000000-0000-0000-0000-000000000018', '00000000-0000-0000-0000-000000000001', 'science',     '2026-03-12 20:00:00+09', '2026-03-12 20:20:00+09', 1200, true, '2026-03-12 20:20:00+09'),
  -- 3/13 プログラミング 55分 + 数学 15分
  ('55000000-0000-0000-0000-000000000019', '00000000-0000-0000-0000-000000000001', 'programming', '2026-03-13 09:00:00+09', '2026-03-13 09:55:00+09', 3300, true, '2026-03-13 09:55:00+09'),
  ('55000000-0000-0000-0000-00000000001a', '00000000-0000-0000-0000-000000000001', 'math',        '2026-03-13 20:00:00+09', '2026-03-13 20:15:00+09', 900,  true, '2026-03-13 20:15:00+09'),
  -- 3/14 理科 30分 + 語学 35分
  ('55000000-0000-0000-0000-00000000001b', '00000000-0000-0000-0000-000000000001', 'science',     '2026-03-14 08:00:00+09', '2026-03-14 08:30:00+09', 1800, true, '2026-03-14 08:30:00+09'),
  ('55000000-0000-0000-0000-00000000001c', '00000000-0000-0000-0000-000000000001', 'language',    '2026-03-14 19:00:00+09', '2026-03-14 19:35:00+09', 2100, true, '2026-03-14 19:35:00+09'),
  -- 3/15 総合 25分 + クリエイティブ 30分 + 数学 20分
  ('55000000-0000-0000-0000-00000000001d', '00000000-0000-0000-0000-000000000001', 'general',     '2026-03-15 08:00:00+09', '2026-03-15 08:25:00+09', 1500, true, '2026-03-15 08:25:00+09'),
  ('55000000-0000-0000-0000-00000000001e', '00000000-0000-0000-0000-000000000001', 'creative',    '2026-03-15 14:00:00+09', '2026-03-15 14:30:00+09', 1800, true, '2026-03-15 14:30:00+09'),
  ('55000000-0000-0000-0000-00000000001f', '00000000-0000-0000-0000-000000000001', 'math',        '2026-03-15 20:00:00+09', '2026-03-15 20:20:00+09', 1200, true, '2026-03-15 20:20:00+09'),
  -- 3/16 プログラミング 40分 + 理科 20分
  ('55000000-0000-0000-0000-000000000020', '00000000-0000-0000-0000-000000000001', 'programming', '2026-03-16 09:00:00+09', '2026-03-16 09:40:00+09', 2400, true, '2026-03-16 09:40:00+09'),
  ('55000000-0000-0000-0000-000000000021', '00000000-0000-0000-0000-000000000001', 'science',     '2026-03-16 20:00:00+09', '2026-03-16 20:20:00+09', 1200, true, '2026-03-16 20:20:00+09'),
  -- 3/17 数学 50分 + 語学 30分 + 総合 10分
  ('55000000-0000-0000-0000-000000000022', '00000000-0000-0000-0000-000000000001', 'math',        '2026-03-17 07:00:00+09', '2026-03-17 07:50:00+09', 3000, true, '2026-03-17 07:50:00+09'),
  ('55000000-0000-0000-0000-000000000023', '00000000-0000-0000-0000-000000000001', 'language',    '2026-03-17 14:00:00+09', '2026-03-17 14:30:00+09', 1800, true, '2026-03-17 14:30:00+09'),
  ('55000000-0000-0000-0000-000000000024', '00000000-0000-0000-0000-000000000001', 'general',     '2026-03-17 21:00:00+09', '2026-03-17 21:10:00+09', 600,  true, '2026-03-17 21:10:00+09'),
  -- 3/18 語学 25分 + プログラミング 35分
  ('55000000-0000-0000-0000-000000000025', '00000000-0000-0000-0000-000000000001', 'language',    '2026-03-18 08:00:00+09', '2026-03-18 08:25:00+09', 1500, true, '2026-03-18 08:25:00+09'),
  ('55000000-0000-0000-0000-000000000026', '00000000-0000-0000-0000-000000000001', 'programming', '2026-03-18 19:00:00+09', '2026-03-18 19:35:00+09', 2100, true, '2026-03-18 19:35:00+09'),
  -- 3/19 数学 30分 + クリエイティブ 25分
  ('55000000-0000-0000-0000-000000000027', '00000000-0000-0000-0000-000000000001', 'math',        '2026-03-19 07:30:00+09', '2026-03-19 08:00:00+09', 1800, true, '2026-03-19 08:00:00+09'),
  ('55000000-0000-0000-0000-000000000028', '00000000-0000-0000-0000-000000000001', 'creative',    '2026-03-19 20:00:00+09', '2026-03-19 20:25:00+09', 1500, true, '2026-03-19 20:25:00+09'),
  -- 3/20 理科 40分 + 数学 20分
  ('55000000-0000-0000-0000-000000000029', '00000000-0000-0000-0000-000000000001', 'science',     '2026-03-20 09:00:00+09', '2026-03-20 09:40:00+09', 2400, true, '2026-03-20 09:40:00+09'),
  ('55000000-0000-0000-0000-00000000002a', '00000000-0000-0000-0000-000000000001', 'math',        '2026-03-20 20:00:00+09', '2026-03-20 20:20:00+09', 1200, true, '2026-03-20 20:20:00+09'),
  -- 3/21 プログラミング 60分
  ('55000000-0000-0000-0000-00000000002b', '00000000-0000-0000-0000-000000000001', 'programming', '2026-03-21 10:00:00+09', '2026-03-21 11:00:00+09', 3600, true, '2026-03-21 11:00:00+09'),
  -- 3/22 語学 30分 + 総合 20分 + 理科 15分
  ('55000000-0000-0000-0000-00000000002c', '00000000-0000-0000-0000-000000000001', 'language',    '2026-03-22 07:00:00+09', '2026-03-22 07:30:00+09', 1800, true, '2026-03-22 07:30:00+09'),
  ('55000000-0000-0000-0000-00000000002d', '00000000-0000-0000-0000-000000000001', 'general',     '2026-03-22 14:00:00+09', '2026-03-22 14:20:00+09', 1200, true, '2026-03-22 14:20:00+09'),
  ('55000000-0000-0000-0000-00000000002e', '00000000-0000-0000-0000-000000000001', 'science',     '2026-03-22 20:00:00+09', '2026-03-22 20:15:00+09', 900,  true, '2026-03-22 20:15:00+09'),
  -- 3/23 数学 45分 + クリエイティブ 20分
  ('55000000-0000-0000-0000-00000000002f', '00000000-0000-0000-0000-000000000001', 'math',        '2026-03-23 08:00:00+09', '2026-03-23 08:45:00+09', 2700, true, '2026-03-23 08:45:00+09'),
  ('55000000-0000-0000-0000-000000000030', '00000000-0000-0000-0000-000000000001', 'creative',    '2026-03-23 19:00:00+09', '2026-03-23 19:20:00+09', 1200, true, '2026-03-23 19:20:00+09'),
  -- 3/24 プログラミング 35分 + 語学 25分
  ('55000000-0000-0000-0000-000000000031', '00000000-0000-0000-0000-000000000001', 'programming', '2026-03-24 09:00:00+09', '2026-03-24 09:35:00+09', 2100, true, '2026-03-24 09:35:00+09'),
  ('55000000-0000-0000-0000-000000000032', '00000000-0000-0000-0000-000000000001', 'language',    '2026-03-24 19:00:00+09', '2026-03-24 19:25:00+09', 1500, true, '2026-03-24 19:25:00+09'),
  -- 3/25 理科 25分 + 総合 30分
  ('55000000-0000-0000-0000-000000000033', '00000000-0000-0000-0000-000000000001', 'science',     '2026-03-25 07:30:00+09', '2026-03-25 07:55:00+09', 1500, true, '2026-03-25 07:55:00+09'),
  ('55000000-0000-0000-0000-000000000034', '00000000-0000-0000-0000-000000000001', 'general',     '2026-03-25 20:00:00+09', '2026-03-25 20:30:00+09', 1800, true, '2026-03-25 20:30:00+09'),
  -- 3/26 数学 25分 + プログラミング 40分
  ('55000000-0000-0000-0000-000000000035', '00000000-0000-0000-0000-000000000001', 'math',        '2026-03-26 08:00:00+09', '2026-03-26 08:25:00+09', 1500, true, '2026-03-26 08:25:00+09'),
  ('55000000-0000-0000-0000-000000000036', '00000000-0000-0000-0000-000000000001', 'programming', '2026-03-26 19:00:00+09', '2026-03-26 19:40:00+09', 2400, true, '2026-03-26 19:40:00+09'),
  -- 3/27 語学 50分 + クリエイティブ 15分
  ('55000000-0000-0000-0000-000000000037', '00000000-0000-0000-0000-000000000001', 'language',    '2026-03-27 07:00:00+09', '2026-03-27 07:50:00+09', 3000, true, '2026-03-27 07:50:00+09'),
  ('55000000-0000-0000-0000-000000000038', '00000000-0000-0000-0000-000000000001', 'creative',    '2026-03-27 20:00:00+09', '2026-03-27 20:15:00+09', 900,  true, '2026-03-27 20:15:00+09'),
  -- 3/28 数学 35分 + 理科 30分
  ('55000000-0000-0000-0000-000000000039', '00000000-0000-0000-0000-000000000001', 'math',        '2026-03-28 08:00:00+09', '2026-03-28 08:35:00+09', 2100, true, '2026-03-28 08:35:00+09'),
  ('55000000-0000-0000-0000-00000000003a', '00000000-0000-0000-0000-000000000001', 'science',     '2026-03-28 19:00:00+09', '2026-03-28 19:30:00+09', 1800, true, '2026-03-28 19:30:00+09'),
  -- 3/29 プログラミング 45分 + 総合 20分
  ('55000000-0000-0000-0000-00000000003b', '00000000-0000-0000-0000-000000000001', 'programming', '2026-03-29 10:00:00+09', '2026-03-29 10:45:00+09', 2700, true, '2026-03-29 10:45:00+09'),
  ('55000000-0000-0000-0000-00000000003c', '00000000-0000-0000-0000-000000000001', 'general',     '2026-03-29 20:00:00+09', '2026-03-29 20:20:00+09', 1200, true, '2026-03-29 20:20:00+09'),
  -- 3/30 語学 35分 + 数学 25分 + クリエイティブ 10分
  ('55000000-0000-0000-0000-00000000003d', '00000000-0000-0000-0000-000000000001', 'language',    '2026-03-30 07:00:00+09', '2026-03-30 07:35:00+09', 2100, true, '2026-03-30 07:35:00+09'),
  ('55000000-0000-0000-0000-00000000003e', '00000000-0000-0000-0000-000000000001', 'math',        '2026-03-30 14:00:00+09', '2026-03-30 14:25:00+09', 1500, true, '2026-03-30 14:25:00+09'),
  ('55000000-0000-0000-0000-00000000003f', '00000000-0000-0000-0000-000000000001', 'creative',    '2026-03-30 21:00:00+09', '2026-03-30 21:10:00+09', 600,  true, '2026-03-30 21:10:00+09'),
  -- 3/31 理科 45分 + プログラミング 30分
  ('55000000-0000-0000-0000-000000000040', '00000000-0000-0000-0000-000000000001', 'science',     '2026-03-31 08:00:00+09', '2026-03-31 08:45:00+09', 2700, true, '2026-03-31 08:45:00+09'),
  ('55000000-0000-0000-0000-000000000041', '00000000-0000-0000-0000-000000000001', 'programming', '2026-03-31 19:00:00+09', '2026-03-31 19:30:00+09', 1800, true, '2026-03-31 19:30:00+09'),
  -- 4/1 数学 30分 + 語学 40分 + 総合 15分
  ('55000000-0000-0000-0000-000000000042', '00000000-0000-0000-0000-000000000001', 'math',        '2026-04-01 07:30:00+09', '2026-04-01 08:00:00+09', 1800, true, '2026-04-01 08:00:00+09'),
  ('55000000-0000-0000-0000-000000000043', '00000000-0000-0000-0000-000000000001', 'language',    '2026-04-01 14:00:00+09', '2026-04-01 14:40:00+09', 2400, true, '2026-04-01 14:40:00+09'),
  ('55000000-0000-0000-0000-000000000044', '00000000-0000-0000-0000-000000000001', 'general',     '2026-04-01 20:00:00+09', '2026-04-01 20:15:00+09', 900,  true, '2026-04-01 20:15:00+09');

COMMIT;
